{"initial_reset_timestamp": 1613311037.3823824, "timestamps": [1613311044.872562], "episode_lengths": [1870], "episode_rewards": [19.0], "episode_types": ["t"]}