{"initial_reset_timestamp": 1613311200.767944, "timestamps": [1613311207.472317], "episode_lengths": [1635], "episode_rewards": [21.0], "episode_types": ["t"]}