{"initial_reset_timestamp": 1613311335.1633658, "timestamps": [1613311347.696694], "episode_lengths": [3141], "episode_rewards": [14080.0], "episode_types": ["t"]}